ID 	Type	Author/editor	Title	Subtitle	Description	VolumeDetails	EditorTranslator	Periodical	VolNo	No.ofVols	PlaceOfPublication	Publisher	Date(year)	Date(month)	Date(full)	PageRange	CrossRef	Index?
ref1	"Book:edited collection"	"H. H. Henson, ed. "  "Church problems "  "a view of modern Anglicanism"  ""  ""  ""  ""  ""  ""  "London"  ""  "1900"  ""  ""  ""  ""  
ref2	"Book:sermons"	"H. H. Henson"  "Light and leaven"  "historical and social sermons to general congregations"  ""  ""  ""  ""  ""  ""  "London"  ""  "1897"  ""  ""  ""  ""  
ref4	"Book:monograph"	"H. H. Henson and Samuel Smith"  "The real aspect of disestablishment. An open letter to Samuel Smith, Esq., M.P., in reply to an address delivered Dec., 1894, entitled 'The Religious Aspect of Disestablishment', etc."  ""  ""  ""  ""  ""  ""  ""  "London"  ""  "1895"  ""  ""  ""  ""  
ref3	"Book:monograph"	"James Boswell"  "The life of Samuel Johnson, LL.D."  ""  ""  "2 vols"  ""  ""  ""  "2 vols"  "London"  ""  "1791"  ""  ""  ""  ""  
ref5	"Book:monograph"	"H. H. Henson"  "Apostolic christianity"  "notes and inferences mainly based on S. Paul's epistles to the Corinthians"  ""  ""  ""  ""  ""  ""  "London"  ""  "1898"  ""  ""  ""  ""  
ref6	"Book:monograph"	"H. H. Henson"  "Ad rem"  "thoughts for critical times in the church"  ""  ""  ""  ""  ""  ""  "London"  ""  "1899"  ""  ""  ""  ""  
ref7	"Book:sermons"	"H. H. Henson"  "Discipline and law"  "some lenten addresses"  ""  ""  ""  ""  ""  ""  "London"  ""  "1898"  ""  ""  ""  ""  
ref9	"Periodical:journal:article"	"H. H. Henson"  "Our unhappy divisions"  "a plea for the recognition of non-episcopal churches"  "Our unhappy divisions: a plea for the recognition of non-episcopal churches', was republished in <i>Cross-bench views of current church questions</i> (London, 1902), 341-355"  ""  ""  "Contemporary Review"  "80"  ""  ""  ""  "1901"  ""  ""  "794-805"  "ref.206"  
ref8	"Book:sermons"	"H. H. Henson"  "Godly union and concord"  "sermons preached mainly in Westminster Abbey in the interest of christian fraternity"  ""  ""  ""  ""  ""  ""  "London"  ""  "1902"  ""  ""  ""  ""  
ref10	"Book:sermons"	"H. H. Henson"  "National education"  "preached on the 2nd Sunday after Epiphany, January 19th, 1902, in St. Margaret's, Westminster, on the occasion of the first Sunday in the session of parliament"  ""  ""  ""  ""  ""  ""  "London"  ""  "1902"  ""  ""  ""  ""  
ref11	"Book:monograph"	"H. H. Henson"  "Cui bono? "  "An open letter to Lord Halifax on the present crisis in the Church of England"  ""  ""  ""  ""  ""  ""  "London"  ""  "1898"  ""  ""  ""  ""  
ref12	"Book:monograph"	"H. H. Henson"  "Cross-bench views of current church questions"  ""  ""  ""  ""  ""  ""  ""  "London"  ""  "1902"  ""  ""  ""  ""  
ref13	"Book:sermons"	"H. H. Henson"  "Preaching to the times"  "in St. Margaret's, Westminster, during the coronation year "  ""  ""  ""  ""  ""  ""  "London"  ""  "1902"  ""  ""  ""  ""  
ref15	"Periodical:journal:article"	"H. H. Henson, ed. "  "The resurrection of Jesus Christ "  ""  ""  ""  ""  "The Hibbert Journal: A Quarterly Review of Religion, Theology, and Philosophy"  "2"  ""  ""  ""  "1904"  ""  ""  "476-93"  ""  
ref16	"Other:Letter:letter"	"H. H. Henson"  "Toleration Or treason?"  ""  ""  ""  ""  "Times"  ""  ""  ""  ""  ""  ""  "23 Feb. 1903"  "2"  ""  
ref17	"Periodical:journal:article"	"H. H. Henson"  "The judgement of Christ"  ""  ""  ""  ""  "Christian World Pulpit"  "LX"  ""  ""  ""  ""  ""  "11 Dec. 1901"  "369-72"  ""  
ref18	"Book:monograph"	"H. H. Henson"  "Sincerity and subscription"  "a plea for toleration in the Church of England"  ""  ""  ""  ""  ""  ""  "London"  ""  "1903"  ""  ""  ""  ""  
ref19	"Book:monograph"	"Mark Pattison"  "Isaac Casaubon, 1559-1614"  ""  ""  ""  ""  ""  ""  ""  "London"  ""  "1875"  ""  ""  ""  ""  
ref21	"Book:monograph"	"Joseph Hall and Josiah Pratt"  "The works of the right reverend father in God, Joseph Hall, now first collected. With some account of his life and sufferings, written by himself"  ""  ""  "10 vols"  ""  ""  ""  "10 vols"  "London"  ""  "1808"  ""  ""  ""  ""  
ref20	"Other:Book chapter"	"H. H. Henson"  "Jeremy Taylor"  ""  "in William Edward Collins, ed., <i>Typical English churchmen from Parker to Maurice: a series of lectures</i>"  "<i>Typical English churchmen from Parker to Maurice: a series of lectures</i>"  "ed. William Edward Collins"  ""  ""  ""  "London"  ""  "1902"  ""  ""  ""  ""  
ref22	"Book:monograph"	"H. H. Henson"  "The education act and after"  "an appeal addressed, with all possible respect, to the non-conformists, fellow-guardians with English churchmen of the national christianity"  ""  ""  ""  ""  ""  ""  "London"  ""  "1903"  ""  ""  ""  ""  
ref23	"Other:Book chapter"	"H. H. Henson"  "The anglican version of christianity"  ""  ""  "<i>The Church of England: its nature and its future</i>"  "eds. H. H. Henson, F. T. Woods, Arthur C. Headlam, E. W. Watson and H. L. Goudge"  ""  ""  ""  "London"  ""  "1919"  ""  ""  "52-112"  ""  
ref24	"Other:Book chapter"	"H. H. Henson"  "The early English constitution"  ""  ""  "<i>Essays introductory to the study of English constitutional history</i>"  "eds. Henry Offley Wakeman and Arthur Hassall"  ""  ""  ""  "London"  ""  "1887"  ""  ""  "1-44"  ""  
ref25	"Other"	""  ""  ""  ""  ""  ""  ""  ""  ""  ""  ""  ""  ""  ""  ""  ""  
ref26	"Book:sermons"	"H. H. Henson"  "Dissent in England"  "two lectures"  ""  ""  ""  ""  ""  ""  "London"  ""  "1900"  ""  ""  ""  ""  
ref27	"Book:sermons"	"H. H. Henson"  "Moral discipline in the christian church, being lectures delivered during Lent 1904 in Westminster Abbey"  ""  ""  ""  ""  ""  ""  ""  "London"  ""  "1905"  ""  ""  ""  ""  
ref29	"Other:journal:article"	""  ""  ""  ""  ""  ""  ""  ""  ""  ""  ""  ""  ""  ""  ""  ""  
ref28	"Periodical:news:article"	""  "Ecclesiastical intelligence"  ""  ""  ""  ""  "Times"  ""  ""  ""  ""  ""  ""  "4 Jan. 1904"  "9"  ""  
ref30	"Periodical:news:article"	""  "Ecclesiastical intelligence"  ""  ""  ""  ""  "Times"  ""  ""  ""  ""  ""  ""  "21 Dec. 1903"  "11"  ""  
ref31	"Other:news:article"	""  ""  ""  ""  ""  ""  ""  ""  ""  ""  ""  ""  ""  ""  ""  ""  
ref32	"Periodical:news:article"	""  "Bishop and canon: Mr. Henson's view of the resurrection repudiated"  ""  ""  ""  ""  "St. James's Gazette"  ""  ""  ""  ""  ""  ""  "1 June 1904"  ""  ""  
ref33	"Periodical:journal:article"	"H. H. Henson"  "The future of the bible"  ""  ""  ""  ""  "Contemporary Review"  "85"  ""  ""  ""  "1904"  ""  ""  "565-76"  ""  
ref34	"Periodical:journal:article"	"H. H. Henson"  "Reason and rationalism from the side of religion"  ""  ""  ""  ""  "Good Words"  ""  ""  ""  ""  "1904"  ""  ""  ""  ""  
ref35	"Other:journal:article"	""  ""  ""  ""  ""  ""  ""  ""  ""  ""  ""  ""  ""  ""  ""  ""  
ref36	"Other:journal:article"	""  ""  ""  ""  ""  ""  ""  ""  ""  ""  ""  ""  ""  ""  ""  ""  
ref37	"Book:monograph"	"Edward Caird"  "The evolution of religion"  "the Gifford Lectures delivered before the University of St. Andrews in sessions, 1890-91 and 1891-92 "  ""  "2 vols"  ""  ""  ""  "2 vols"  "Glasgow"  ""  "1893"  ""  ""  ""  ""  
ref38	"Other"	""  ""  ""  ""  ""  ""  ""  ""  ""  ""  ""  ""  ""  ""  ""  ""  
ref39	"Other"	""  ""  ""  ""  ""  ""  ""  ""  ""  ""  ""  ""  ""  ""  ""  ""  
ref40	"Periodical:news:article"	"[Ernest Pearce]"  "Canon Henson's answer"  ""  ""  ""  ""  "Times Literary Supplement"  ""  ""  ""  ""  ""  ""  " 8 July 1904"  "212"  ""  
ref42	"Periodical:journal:article"	""  "Religion in Cambridge"  ""  ""  ""  ""  "Church Quarterly Review"  "IX"  ""  ""  ""  "1904"  ""  ""  "1-28"  ""  
ref41	"Other"	""  ""  ""  ""  ""  ""  ""  ""  ""  ""  ""  ""  ""  ""  ""  ""  
ref43	"Periodical:journal:article"	"Oliver Lodge"  "Sin"  ""  ""  ""  ""  "The Hibbert Journal: A Quarterly Review of Religion, Theology, and Philosophy"  "3"  ""  ""  ""  "1904"  ""  ""  "1-25"  ""  
ref44	"Book:sermons "	"Hastings Rashdall"  "Doctrine and development"  "university sermons"  ""  ""  ""  ""  ""  ""  "London"  ""  "1898"  ""  ""  ""  ""  
ref46	"Book:sermons"	"H. H. Henson"  "The value of the bible, and other sermons, 1902-1904, with a letter to the lord bishop of London"  ""  ""  ""  ""  ""  ""  ""  "London"  ""  "1904"  ""  ""  ""  ""  
ref45	"Other"	""  ""  ""  ""  ""  ""  ""  ""  ""  ""  ""  ""  ""  ""  ""  ""  
ref47	"Book:sermons"	"J. R. Illingworth"  "Christian character, being some lectures on the elements of christian ethics"  ""  ""  ""  ""  ""  ""  ""  "London"  ""  "1904"  ""  ""  ""  ""  
ref49	"Other"	""  ""  ""  ""  ""  ""  ""  ""  ""  ""  ""  ""  ""  ""  ""  ""  
ref48	"Book:edited collection"	"Alfred Caldecott and H. R. Mackintosh, eds."  "The literature of theism"  "edited, with introductory and explanatory notes"  ""  ""  ""  ""  ""  ""  "Edinburgh"  ""  "1904"  ""  ""  ""  ""  
ref50	"Periodical:news:article"	"H. H. Henson "  "The meaning of Christmas"  "for the twentieth century"  ""  ""  ""  "London Evening Standard"  ""  ""  ""  ""  ""  ""  "24 Dec. 1904"  "5"  ""  
ref51	"Book:monograph"	"W. H. Frere"  "A history of the English church"  "the English church in the reigns of Elizabeth and James I (1558-1625) "  ""  ""  ""  ""  ""  ""  "London"  ""  "1904"  ""  ""  ""  ""  
ref52	"Book:monograph"	"Arthur Cushman McGiffert"  "The Apostles' Creed"  "its origin, its purpose, and its historical interpretation: a lecture, with critical notes "  ""  ""  ""  ""  ""  ""  "New York"  ""  "1902"  ""  ""  ""  ""  
ref53	"Book:monograph"	"H. H. Henson "  "Notes on popular rationalism"  ""  ""  ""  ""  ""  ""  ""  "London"  ""  "1904"  ""  ""  ""  ""  
ref54	"Book:monograph"	"John Hacket"  "Scrinia reserata a memorial offer'd to the great deservings of John Williams, D. D., who some time held the places of Ld Keeper of the Great Seal of England, Ld Bishop of Lincoln, and Ld Archbishop of York"  "containing a series of the most remarkable occurences and transactions of his life, in relation both to church and state"  ""  ""  ""  ""  ""  ""  "London"  ""  "1693"  ""  ""  ""  ""  
ref55	"Other:Letter:letter"	"H. H. Henson"  "Disestablishment and religious education"  ""  ""  ""  ""  "Times"  ""  ""  ""  ""  ""  ""  "18 Oct. 1904"  "10"  ""  
ref56	"Book:monograph"	"Alfred Ainger"  "The gospel and human life"  ""  ""  ""  ""  ""  ""  ""  "London"  ""  "1904"  ""  ""  ""  ""  
ref57	"Other:monograph"	""  ""  ""  ""  ""  ""  ""  ""  ""  ""  ""  ""  ""  ""  ""  ""  
ref58	"Book:monograph"	"Edwyn Bevan"  "Jerusalem under the high-priests"  "five lectures on the period between Nehemiah and the new testament"  ""  ""  ""  ""  ""  ""  "London"  ""  "1904"  ""  ""  ""  ""  
ref59	"Book:monograph"	"Herbert Edward Ryle"  "On holy scripture and criticism"  "addresses and sermons"  ""  ""  ""  ""  ""  ""  "London"  ""  "1904"  ""  ""  ""  ""  
ref60	"Other"	""  ""  ""  "Pliny the Younger, <i>Letter to Trajan and response</i> 10.96-97 (c. 112 CE). "  "Pliny the Younger, <i>Letter to Trajan and response</i> 10.96-97 (c. 112 CE). "  ""  ""  ""  ""  ""  ""  ""  ""  ""  ""  ""  
ref61	"Other:Poem"	"Frederick Faber"  "The old labourer'"  ""  ""  "<i>Hymns selected from Faber</i> "  ""  ""  ""  ""  "London"  ""  "1890"  ""  ""  "161-6"  "pers.660"  
ref62	"Book:monograph"	"Adolf Harnack"  "The expansion of christianity in the first three centuries"  ""  ""  ""  "ed. and trans. James Moffat"  ""  ""  "2 vols"  "London"  ""  "1904-5"  ""  ""  ""  ""  
ref63	"Book:edited collection"	"William Hunt and W. R. W. Stephens, eds."  "A history of the English church"  ""  ""  ""  ""  ""  ""  "8 vols"  "London"  ""  "1899-1910"  ""  ""  ""  ""  
ref64	"Other:Poem"	"Alfred Tennyson"  "Fatima'"  ""  ""  "<i>Poems</i>"  ""  ""  ""  ""  "London"  ""  "1842"  ""  ""  "31-2"  ""  
ref65	"Book:monograph"	"George Webbe Dasent"  "Annals of an eventful life"  ""  ""  ""  ""  ""  ""  "3 vols"  "London"  ""  "1870"  ""  ""  ""  ""  
ref66	"Book:monograph"	"George Webbe Dasent"  "Three to one, or, some passages out of the life of Amicia Lady Sweetapple"  ""  ""  ""  ""  ""  ""  "3 vols"  "London"  ""  "1872"  ""  ""  ""  ""  
ref68	"Book:monograph"	"Charles Gore"  "Spiritual efficiency"  "the primary charge delivered at his visitation to the clergy and churchwardens of his diocese"  ""  ""  ""  ""  ""  ""  "London"  ""  "1904"  ""  ""  ""  ""  
ref67	"Book:monograph"	"George Webbe Dasent"  "Half a life"  ""  ""  ""  ""  ""  ""  "3 vols"  "London"  ""  "1874"  ""  ""  ""  ""  
ref69	"Book:sermons"	"Arthur F. Winnington Ingram"  "The faith of church and nation"  ""  ""  ""  ""  ""  ""  ""  "London"  ""  "1904"  ""  ""  ""  ""  
ref70	"Other:Poem"	"Juvenal"  "Satire 15'"  ""  ""  "<i>Juvenal and Persius<i>"  "ed. Susanna Morton Braund"  ""  ""  ""  "Cambridge"  ""  "2004"  ""  ""  "487-501"  ""  
ref71	"Other:Letter :letter "	"H. H. Henson "  "The clergyman in politics "  ""  ""  ""  ""  "Westminster Gazette "  ""  ""  ""  ""  ""  ""  "14 Oct. 1905"  "2"  ""  
ref72	"Periodical:journal:article"	"H. H. Henson "  "The prospects of Christian reunion"  ""  ""  ""  ""  "Christian World"  ""  ""  ""  ""  ""  ""  "16 Nov. 1905"  ""  ""  
ref73	"Other:Letter:letter"	"H. H. Henson"  "St. Margaret's, Westminster, and the House of Commons"  ""  ""  ""  ""  "Times"  ""  ""  ""  ""  ""  ""  "7 June 1905"  "6"  ""  
ref74	"Book:monograph"	"C. R. L. Fletcher"  "An introductory history of England "  ""  ""  ""  ""  ""  ""  "5 vols"  "London"  ""  "1904-23"  ""  ""  ""  ""  
ref75	"Other:Letter:letter"	"H. H. Henson"  "Religious education"  ""  ""  ""  ""  "Times"  ""  ""  ""  ""  ""  ""  "4 Nov. 1905"  "4"  ""  
ref76	"Book:monograph"	"H. H. Henson "  "Studies in English religion in the seventeenth century. St. Margaret's lectures, 1903. "  ""  ""  ""  ""  ""  ""  ""  "London"  ""  "1903"  ""  ""  ""  ""  
ref77	"Book:sermons"	"H. H. Henson "  "Religion in the schools"  "addresses on fundamental christianity, delivered in S. Margaret's, Westminster, during Lent 1906"  ""  ""  ""  ""  ""  ""  "London"  ""  "1906"  ""  ""  ""  ""  
ref78	"Book:sermons"	"H. H. Henson "  "The national church"  "her continuity, her property, her work. Delivered at the Parochial Hall, South Heigham, on Friday, November 12th, 1885"  ""  ""  ""  ""  ""  ""  "London"  ""  "1886"  ""  ""  ""  ""  
ref79	"Book:sermons"	"H. H. Henson "  "Christ and the nation"  "Westminster and other sermons"  ""  ""  ""  ""  ""  ""  "London"  ""  "1908"  ""  ""  ""  ""  
ref80	"Book:sermons"	"H. H. Henson "  "The road to unity"  "an address delivered to the National Council of the Evangelical Free Churches on March 9, 1911, together with an introduction and two sermons"  ""  ""  ""  ""  ""  ""  "London"  ""  "1911"  ""  ""  ""  ""  
ref81	"Book:sermons"	"H. H. Henson "  "Westminster sermons"  ""  ""  ""  ""  ""  ""  ""  "London"  ""  "1910"  ""  ""  ""  ""  
ref82	"Book:monograph"	"H. H. Henson "  "Puritanism in England"  ""  ""  ""  ""  ""  ""  ""  "London"  ""  "1912"  ""  ""  ""  ""  
ref83	"Book:sermons"	"H. H. Henson "  "The creed in the pulpit"  ""  ""  ""  ""  ""  ""  ""  "London"  ""  "1912"  ""  ""  ""  ""  
ref85	"Book:monograph"	"H. H. Henson "  "Robertson of Brighton, 1816-1853"  ""  ""  ""  ""  ""  ""  ""  "London"  ""  "1916"  ""  ""  ""  ""  
ref84	"Book:sermons"	"H. H. Henson "  "War-time sermons"  ""  ""  ""  ""  ""  ""  ""  "London"  ""  "1915"  ""  ""  ""  ""  
ref86	"Book:sermons"	"H. H. Henson "  "The liberty of prophesying, with its just limits and temper considered with reference to the circumstances of the modern church. Lyman Beecher lectures delivered 1909, before the Yale Divinity School, and three sermons"  ""  ""  ""  ""  ""  ""  ""  "London"  ""  "1909"  ""  ""  ""  ""  
ref87	"Book:monograph"	"H. H. Henson "  "Notes of my ministry"  ""  ""  ""  ""  ""  ""  ""  "London"  ""  "1913"  ""  ""  ""  ""  
ref88	"Book:monograph"	""  "The autobiography of Mark Rutherford"  ""  ""  ""  "ed. Reuben Shapcott"  ""  ""  ""  "London"  ""  "1881"  ""  ""  ""  ""  
ref89	"Other"	""  ""  ""  ""  ""  ""  ""  ""  ""  ""  ""  ""  ""  ""  ""  ""  
ref90	"Periodical:journal:article"	"H. H. Henson"  "Religious education"  ""  ""  ""  ""  "St. Margaret's Westminster Parish Magazine"  ""  ""  ""  ""  "1906"  ""  ""  ""  ""  
ref91	"Periodical:journal:article"	"F. C. Burkitt"  "Who spoke the Magnificat?"  ""  ""  ""  ""  "Journal of Theological Studies"  "7"  ""  ""  ""  "1906"  ""  ""  "220-7"  ""  
ref92	"Other:Poem"	"George Herbert"  "Good Friday'"  ""  ""  "<i>The temple: sacred poems and private ejaculations</i>"  ""  ""  ""  ""  "Cambridge"  ""  "1633"  ""  ""  ""  ""  
ref93	"Other:Letter:letter"	"H. H. Henson"  "The education bill"  ""  ""  ""  ""  "Times"  ""  ""  ""  ""  ""  ""  "25 Apr. 1906"  "10"  ""  
ref94	"Other"	""  ""  ""  ""  ""  ""  ""  ""  ""  ""  ""  ""  ""  ""  ""  ""  
ref95	"Other"	""  ""  ""  ""  ""  ""  ""  ""  ""  ""  ""  ""  ""  ""  ""  ""  
ref96	"Book:monograph"	"Herbert Paul"  "The life of Froude"  ""  ""  ""  ""  ""  ""  ""  "London"  ""  "1905"  ""  ""  ""  ""  
ref97	"Book:monograph"	"A. W. Ward, G. W. Prothero and Stanley Leathes, eds."  "The Cambridge modern history, vol. III"  "the wars of religion"  ""  ""  ""  ""  ""  ""  "London"  ""  "1905"  ""  ""  ""  ""  
ref98	"Book:edited collection"	"George Herbert Palmer, ed."  "The English works of George Herbert "  ""  ""  ""  ""  ""  ""  "3 vols"  "Boston and New York"  ""  "1905"  ""  ""  ""  ""  
ref99	"Book:monograph"	"David. W. Forrest"  "The authority of Christ"  ""  ""  ""  ""  ""  ""  ""  "Edinburgh"  ""  "1906"  ""  ""  ""  ""  
ref100	"Book:monograph"	"A. M. F. Darmesteter"  "The Life of Ernest Renan"  ""  ""  ""  ""  ""  ""  ""  "London"  ""  "1898"  ""  ""  ""  ""  
ref14	"Periodical:news:article"	""  "The religious world"  ""  ""  ""  ""  "Daily News"  ""  ""  ""  ""  ""  ""  "30 June 1902"  "5"  ""  
ref101	"Other"	""  ""  ""  ""  ""  ""  ""  ""  ""  ""  ""  ""  ""  ""  ""  ""  
ref102	"Book:monograph"	""  "An Evangelical Free Church catechism for use in home and school"  ""  ""  ""  ""  ""  ""  ""  "London"  ""  "1899"  ""  ""  ""  ""  
ref103	"Other"	""  ""  ""  ""  ""  ""  ""  ""  ""  ""  ""  ""  ""  ""  ""  ""  
ref104	"Other"	""  ""  ""  ""  ""  ""  ""  ""  ""  ""  ""  ""  ""  ""  ""  ""  
ref105	"Periodical:journal:article"	"H. H. Henson"  "Report of the royal commission on ecclesiastical discipline"  ""  ""  ""  ""  "Contemporary Review"  "90"  ""  ""  ""  "1906"  ""  ""  "241-57"  ""  
ref106	"Book:edited collection"	"Brooke Foss Westcott"  "Common prayers for family use"  ""  ""  ""  ""  ""  ""  ""  "London"  ""  "1903"  ""  ""  ""  ""  
ref107	"Other:Letter:letter"	"H. H. Henson"  "The shadow of the curse"  ""  ""  ""  ""  "Daily Telegraph"  ""  ""  ""  ""  ""  ""  "5 Sep. 1907"  "6"  ""  
ref108	"Other:Letter:letter"	"H. H. Henson"  "The church and the law"  ""  ""  ""  ""  "Westminster Gazette"  ""  ""  ""  ""  ""  ""  "7 Sep. 1907"  "1"  ""  
ref109	"Periodical:news:article"	""  "Canon Hensley Henson: a liberal churchman on Mr. Campbell's views"  ""  ""  ""  ""  "Daily Chronicle"  ""  ""  ""  ""  ""  ""  "26 Jan. 1907"  "6"  ""  
ref110	"Periodical:news:article"	""  "The bishop of Birmingham and Canon Henson: court of arches prosecution dropped"  ""  ""  ""  ""  "Times"  ""  ""  ""  ""  ""  ""  "31 Aug. 1909"  "9"  ""  
ref111	"Periodical:news:article"	""  "Notes of the day"  ""  ""  ""  ""  "Westminster Gazette"  ""  ""  ""  ""  ""  ""  "31 Aug. 1909"  "2"  ""  
ref113	"Periodical:journal:article"	"H. H. Henson"  "Report of the royal commission on ecclesiastical discipline, II"  ""  ""  ""  ""  "Contemporary Review"  "90"  ""  ""  ""  ""  ""  ""  "408-25"  ""  
ref112	"Other:Letter:letter"	"H. H. Henson"  "The Representative Church Council"  ""  ""  ""  ""  "Westminster Gazette"  ""  ""  ""  ""  ""  ""  "7 Dec. 1908"  "3"  ""  
ref114	"Periodical:news:article"	""  "Memorial services: Westminster Abbey"  ""  ""  ""  ""  "Times"  ""  ""  ""  ""  ""  ""  "29 Dec. 1902"  "5"  ""  
ref115	"Periodical:news:article"	""  "Canon Henson's appeal"  ""  ""  ""  ""  "Daily Mail"  ""  ""  ""  ""  ""  ""  "29 Dec. 1902"  "4"  ""  
ref116	"Book:monograph"	"Lord Rosebery"  "Napoleon"  "the last phase"  ""  ""  ""  ""  ""  ""  "London"  ""  "1900"  ""  ""  ""  ""  
ref117	"Periodical:journal:article"	"H. H. Henson"  "The Bible"  ""  ""  ""  ""  "Christian World Pulpit"  "CCCLX"  ""  ""  ""  ""  ""  "18 Dec. 1901"  "385-88"  ""  
ref118	"Book:monograph"	"Ellen Thorneycroft Fowler and Alfred Laurence Felkin"  "Kate of Kate Hall"  ""  ""  ""  ""  ""  ""  ""  "London"  ""  "1904"  ""  ""  ""  ""  
ref119	"Periodical:journal:article"	"H. H. Henson"  "Memorial sermon for Queen Victoria, preached in Westminster Abbey last Sunday afternoon"  ""  ""  ""  ""  "Christian World Pulpit"  "CCCLX"  ""  ""  ""  ""  ""  "30 Jan. 1901"  "73-5"  ""  
ref120	"Periodical:journal:article"	"H. H. Henson"  "Christ's new commandment"  ""  ""  ""  ""  "Christian World Pulpit"  "CCCLX"  ""  ""  ""  ""  ""  "13 Nov. 1901"  "305-7"  "ref.8"  
ref122	"Periodical:journal:article"	"H. H. Henson"  "Christ's mission for the church"  ""  ""  ""  ""  "Christian World Pulpit"  "CCCLX"  ""  ""  ""  ""  ""  "20 Nov. 1901"  "328-30"  "ref.8"  
ref121	"Periodical:journal:article"	"H. H. Henson"  "Christ's new commandment and the sects"  ""  ""  ""  ""  "Church Family Newspaper"  ""  ""  ""  ""  ""  ""  "8 Nov. 1901"  "677"  ""  
ref123	"Periodical:journal:article"	"H. H. Henson"  "Proselytising"  ""  ""  ""  ""  "Christian World Pulpit"  "CCCLX"  ""  ""  ""  ""  ""  "27 Nov. 1901"  "337-39"  ""  
ref124	"Book:monograph"	"Walter Scott"  "Scott's Marmion: a tale of Flodden field, in six cantos"  ""  ""  ""  "ed. Michael Macmillan"  ""  ""  ""  "London"  ""  "1887"  ""  ""  ""  ""  
ref125	"Book:monograph"	"Francis Marion Crawford"  "Via crucis"  "a romance of the second crusade "  ""  ""  ""  ""  ""  ""  "London"  ""  "1899"  ""  ""  ""  ""  
ref126	"Book:monograph"	"Alfred William Benn"  "The history of English rationalism in the nineteenth century"  ""  ""  ""  ""  ""  ""  ""  "London"  ""  "1906"  ""  ""  ""  ""  
ref127	"Book:monograph"	"Henry Barclay Swete"  "The apocalypse of St John"  "the greek text"  ""  ""  ""  ""  ""  ""  "London"  ""  "1906"  ""  ""  ""  ""  
ref128	"Book:monograph"	"Brooke Foss Westcott"  "Saint Paul's epistle to the Ephesians"  "the Greek text, with notes and addenda"  ""  ""  ""  ""  ""  ""  "London"  ""  "1906"  ""  ""  ""  ""  
ref129	"Book:monograph"	"John Emerich Edward, 1st baron Acton"  "Lectures on modern history"  ""  ""  ""  ""  ""  ""  ""  "London"  ""  "1906"  ""  ""  ""  ""  
ref130	"Book:monograph"	"John Knox"  "The history of the reformation of religion in Scotland, with which are included Knox's confession and the book of discipline <span class="no-italic">[1559-66]</span>"  ""  ""  ""  "ed. Cuthbert Lennox"  ""  ""  ""  "London"  ""  "1905"  ""  ""  ""  ""  
ref131	"Book:monograph"	"John Evans"  "A sketch of the denominations of the Christian world, with a persuasive to religious moderation"  "to which is prefixed an introductory outline of atheism, deism, theophilanthropism, Judaism, Mahometanism, and Christianity "  ""  ""  ""  ""  ""  ""  "London"  ""  "1811"  ""  ""  ""  ""  
ref134	"Book:monograph"	"Edmund Calamy"  "The nonconformist's memorial"  "being an account of the lives, sufferings, and printed works, of the two thousand ministers ejected from the Church of England, chiefly by the Act of uniformity, Aug. 24, 1666"  ""  ""  "abrid. Samuel Palmer"  ""  ""  "3 vols"  "London"  ""  "1802-3"  ""  ""  ""  ""  
ref132	"Book:monograph"	"Benvenuto Cellini"  "The life of Benvenuto Cellini <span class="no-italic">[1562]</span>"  ""  ""  ""  "trans. John Addington Symonds"  ""  ""  "2 vols"  "London"  ""  "1900"  ""  ""  ""  ""  
ref133	"Book:monograph"	"Richard Baxter"  "The saints' everlasting rest"  ""  ""  ""  "abrid. Benjamin Fawcett"  ""  ""  ""  "New York"  ""  "c. 1850"  ""  ""  ""  ""  
ref135	"Book:monograph"	"J. G. Frazer"  "Adonis, Attis, Osiris"  "studies in the history of oriental religion"  ""  ""  ""  ""  ""  ""  "London"  ""  "1906"  ""  ""  ""  ""  
ref136	"Book:monograph"	"John Emerich Edward, 1st baron Acton"  "Lord Acton and his circle"  ""  ""  ""  "ed. Francis Aidan Gasquet"  ""  ""  ""  "London"  ""  "1906"  ""  ""  ""  ""  
ref137	"Book:monograph"	"William Fairley"  "Epitaphiana, or, the curiosities of churchyard literature"  "being a miscellaneous collection of epitaphs, with an introduction, giving an account of various customs prevailing amongst the ancients and moderns in the disposal of their dead"  ""  ""  ""  ""  ""  ""  "London"  ""  "1875"  ""  ""  ""  ""  
ref138	"Book:monograph"	"Lord Rosebery"  "Lord Randolph Churchill"  ""  ""  ""  ""  ""  ""  ""  "London"  ""  "1906"  ""  ""  ""  ""  
ref139	"Book:monograph"	"John Earle and Philip Bliss"  "Microcosmography, or, A piece of the world discovered"  "in essays and characters <span class="no-italic">[1628]</span>"  ""  ""  "ed. Philip Bliss"  ""  ""  ""  "Cambridge"  ""  "1867"  ""  ""  ""  ""  
ref141	"Book:monograph"	"William Law Mathieson"  "Scotland and the union"  "a history of Scotland from 1695-1747"  ""  ""  ""  ""  ""  ""  "Glasgow"  ""  "1905"  ""  ""  ""  ""  
ref140	"Book:monograph"	"George Douglas, 8th Duke of Argyll"  "Autobiography & memoirs"  ""  ""  ""  ""  ""  ""  "2 vols"  "London"  ""  "1906"  ""  ""  ""  ""  
ref143	"Book:monograph"	"John Spottiswoode"  "The history of the Church of Scotland"  "beginning of the year of our Lord 203 and continued to the end of the reign of king James the VI of ever blessed memory <span class="no-italic">[1655]</span>"  ""  ""  ""  ""  ""  "3 vols"  "Edinburgh"  ""  "1851"  ""  ""  ""  ""  
ref142	"Book:monograph"	"W. E. Addis"  "Hebrew religion to the establishment of Judaism under Ezra"  ""  ""  ""  ""  ""  ""  ""  "London"  ""  "1906"  ""  ""  ""  ""  
ref144	"Book:monograph"	"Edward Cardwell"  "Synodalia"  "a collection of articles of religion, canons, and proceedings of convocations in the Province of Canterbury, from the year 1547 to the year 1717"  ""  ""  ""  ""  ""  ""  "Oxford"  ""  "1842"  ""  ""  ""  ""  
ref145	"Book:monograph"	"William Barlow"  "The summe and substance of the conference, which it pleased his excellent majestie to have with the lords bishops, and others of his clergie (at which the most of the lords of the councill were present) in his majesties privie-chamber, at Hampton Court, Jan. 14. 1603"  ""  ""  ""  ""  ""  ""  ""  "London"  ""  "1638"  ""  ""  ""  ""  
ref147	"Book:monograph"	"Jeremy Collier"  "An ecclesiastical history of Great Britain, chiefly of England"  "from the first planting of Christianity, to the end of the reign of King Charles the Second, with a brief account of the affairs of religion in Ireland "  ""  ""  ""  ""  ""  "9 vols"  "London"  ""  "1840-41"  ""  ""  ""  ""  
ref146	"Book:monograph"	"Thomas Jacombe"  "Hooinh egzainiomnh, or, a treatise of holy dedication both personal and domestick the latter of which is (in special) recommended to the citizens of London, upon their entring into their new habitations"  ""  ""  ""  ""  ""  ""  ""  "London"  ""  "1668"  ""  ""  ""  ""  
ref148	"Book:monograph"	"Charles Kirkpatrick Sharpe"  "A historical account of the belief in witchcraft in Scotland"  ""  ""  ""  ""  ""  ""  ""  "London"  ""  "1884"  ""  ""  ""  ""  
ref149	"Other"	""  ""  ""  ""  ""  ""  ""  ""  ""  ""  ""  ""  ""  ""  ""  ""  
ref151	"Book:monograph"	"William Law Mathieson"  "Politics and religion"  "a study in Scottish history from the reformation to the revolution"  ""  ""  ""  ""  ""  "2 vols"  "Glasgow"  ""  "1902"  ""  ""  ""  ""  
ref150	"Book:monograph"	"Thomas Browne"  "Religio medici"  ""  ""  ""  ""  ""  ""  ""  "London"  ""  "1642"  ""  ""  ""  ""  
ref152	"Book:monograph"	"Benjamin Jowett"  "The interpretation of scripture and other essays"  ""  ""  ""  ""  ""  ""  ""  "London"  ""  "1907"  ""  ""  ""  ""  
ref153	"Book:monograph"	"Samuel Hall"  "A short history of the Oxford movement"  ""  ""  ""  ""  ""  ""  ""  "London"  ""  "1906"  ""  ""  ""  ""  
ref154	"Other:Letter:letter"	"H. H. Henson"  "The meeting of convocation"  ""  ""  ""  ""  "Times"  ""  ""  ""  ""  ""  ""  "10 Nov. 1906"  "6"  ""  
ref155	"Book:monograph"	"Richard Newcourt"  "Repertorium ecclesiasticum parochiale Londinense"  ""  ""  ""  ""  ""  ""  ""  "London"  ""  "1708"  ""  ""  ""  ""  
ref157	"Book:monograph"	"Otto Pfleiderer"  "Primitive christianity"  "its writings and teachings in their historical connections"  ""  ""  ""  ""  ""  "4 vols"  "London"  ""  "1906-11"  ""  ""  ""  ""  
ref156	"Book:monograph"	"William Milligan Sloane"  "The life of Napoleon Bonaparte"  ""  ""  ""  ""  ""  ""  "4 vols"  "New York"  ""  "1896"  ""  ""  ""  ""  
ref158	"Book:monograph"	"Alice Gardner"  "Letters to a godchild on the catechism and confirmation"  ""  ""  ""  ""  ""  ""  ""  "London"  ""  "1906"  ""  ""  ""  ""  
ref159	"Book:monograph"	"F. H. Woods"  "For faith and science"  ""  ""  ""  ""  ""  ""  ""  "London"  ""  "1906"  ""  ""  ""  ""  
ref161	"Book:monograph"	"Frederic Harrison"  "The creed of a layman"  "apologia pro fide mea"  ""  ""  ""  ""  ""  ""  "London"  ""  "1907"  ""  ""  ""  ""  
ref160	"Book:monograph"	"F. C. Burkitt"  "The gospel history and its transmission"  ""  ""  ""  ""  ""  ""  ""  "Edinburgh"  ""  "1906"  ""  ""  ""  ""  
ref162	"Other"	""  ""  ""  ""  ""  ""  ""  ""  ""  ""  ""  ""  ""  ""  ""  ""  
ref163	"Book:monograph"	"Mrs Humphrey Ward"  "The marriage of William Ashe"  ""  ""  ""  ""  ""  ""  ""  "London"  ""  "1905"  ""  ""  ""  ""  
ref165	"Other:Letter:letter"	"H. H. Henson"  "What is the law of the English church?"  ""  ""  ""  ""  "Times"  ""  ""  ""  ""  ""  ""  "27 Aug. 1907"  "9"  ""  
ref164	"Other"	""  ""  ""  ""  ""  ""  ""  ""  ""  ""  ""  ""  ""  ""  ""  ""  
ref166	"Other:Letter:letter"	"H. H. Henson"  "What is the law of the English church?"  ""  ""  ""  ""  "Times"  ""  ""  ""  ""  ""  ""  "30 Aug. 1907"  "5"  ""  
ref167	"Other:Letter:letter"	"H. H. Henson"  "What is the law of the English church?"  ""  ""  ""  ""  "Times"  ""  ""  ""  ""  ""  ""  "7 Sep. 1907"  "7"  ""  
ref168	"Other:Letter:letter"	"H. H. Henson"  "The church and the law"  ""  ""  ""  ""  "Westminster Gazette"  ""  ""  ""  ""  ""  ""  "7 Sep. 1907"  "1"  ""  
ref169	"Other"	""  ""  ""  ""  ""  ""  ""  ""  ""  ""  ""  ""  ""  ""  ""  ""  
ref171	"Book:monograph"	"H. H. Henson"  "Christian marriage"  ""  ""  ""  ""  ""  ""  ""  "London"  ""  "1907"  ""  ""  ""  ""  
ref170	"Other"	""  ""  ""  ""  ""  ""  ""  ""  ""  ""  ""  ""  ""  ""  ""  ""  
ref173	"Book:monograph"	"John Emerich Edward, 1st baron Acton"  "The history of freedom and other essays"  ""  ""  ""  "eds. John Neville Figgis and Reginald Vere Laurence"  ""  ""  ""  "London"  ""  "1907"  ""  ""  ""  ""  
ref172	"Book:monograph"	"Wilhelm Bousset"  "What is religion?"  ""  ""  ""  "trans. F. B. Low"  ""  ""  ""  "New York"  ""  "1907"  ""  ""  ""  ""  
ref174	"Book:monograph"	"R. J. Campbell"  "Christianity and the social order"  ""  ""  ""  ""  ""  ""  ""  "London"  ""  "1907"  ""  ""  ""  ""  
ref175	"Book:monograph"	"Frederick Denison Maurice"  "The kingdom of Christ, or, hints to a Quaker"  "respecting the principles, constitution, and ordinances of the catholic church"  ""  ""  ""  ""  ""  "2 vols"  "London"  ""  "1842"  ""  ""  ""  ""  
ref176	"Book:monograph"	"John Watson"  "The Scot of the eighteenth century"  "his religion and his life"  ""  ""  ""  ""  ""  ""  "London"  ""  "1907"  ""  ""  ""  ""  
ref178	"Book:monograph"	"Bernard Lucas"  "The empire of Christ"  "being a study of the missionary enterprise in the light of modern religious thought"  ""  ""  ""  ""  ""  ""  "London"  ""  "1907"  ""  ""  ""  ""  
ref177	"Book:monograph"	"John Manson"  "The Salvation Army and the public"  "a religious, social, and financial study"  ""  ""  ""  ""  ""  ""  "London"  ""  "1906"  ""  ""  ""  ""  
ref179	"Book:edited collection"	"John Ellison and G. H. S. Walpole, eds."  "Church and empire"  "a series of essays on the responsibilities of empire"  ""  ""  ""  ""  ""  ""  "London"  ""  "1907"  ""  ""  ""  ""  
ref180	"Book:monograph"	"W. P. DuBose"  "The gospel in the gospels"  ""  ""  ""  ""  ""  ""  ""  "New York"  ""  "1906"  ""  ""  ""  ""  
ref181	"Book:monograph"	"Edmund Calamy"  "An historical account of my own life, with some reflections on the times I have lived in (1671-1731)"  ""  ""  ""  "ed. John Towill Rutt"  ""  ""  "2 vols"  "London"  ""  "1829"  ""  ""  ""  ""  
ref182	"Other"	""  ""  ""  ""  ""  ""  ""  ""  ""  ""  ""  ""  ""  ""  ""  ""  
ref183	"Book:monograph"	"Gilbert Burnet"  "Burnet's history of my own time"  ""  ""  ""  "ed. Osmund Airy"  ""  ""  "2 vols"  "Oxford"  ""  "1897-1900"  ""  ""  ""  ""  
ref184	"Book:monograph"	""  "The programme of modernism"  "a reply to the encyclical of Pius X., Pascendi dominici gregis"  ""  ""  "trans. George Tyrrell"  ""  ""  ""  "London"  ""  "1908"  ""  ""  ""  ""  
ref185	"Book:monograph"	"William Sanday"  "The life of Christ in recent research"  ""  ""  ""  ""  ""  ""  ""  "Oxford"  ""  "1907"  ""  ""  ""  ""  
ref187	"Book:monograph"	"Jeremy Taylor"  "A discourse of the liberty of prophesying"  "shewing the unreasonablenes of prescribing to other men's faith, and the iniquity of persecuting different opinions"  ""  ""  ""  ""  ""  ""  "London"  ""  "1647"  ""  ""  ""  ""  
ref186	"Book:monograph"	"T. E. S Clarke and H. C. Foxcroft"  "A life of Gilbert Burnet, bishop of Salisbury"  ""  ""  ""  ""  ""  ""  "2 vols"  "Cambridge"  ""  "1907"  ""  ""  ""  ""  
ref189	"Book:monograph"	"Henry Barclay Swete"  "The appearances of our Lord after the passion"  "a study in the earliest Christian tradition"  ""  ""  ""  ""  ""  ""  "London"  ""  "1907"  ""  ""  ""  ""  
ref188	"Book:monograph"	"Henry Norbert Birt"  "The Elizabethan religious settlement"  "a study of contemporary documents"  ""  ""  ""  ""  ""  ""  "London"  ""  "1907"  ""  ""  ""  ""  
ref191	"Book:monograph"	"Frederick Denison Maurice"  "The epistle to the Hebrews, with a preface containing a review of Mr. Newman's theory of development"  ""  ""  ""  ""  ""  ""  ""  "London"  ""  "1846"  ""  ""  ""  ""  
ref192	"Book:monograph"	"Hutton Webster"  "Primitive secret societies"  "a study in early politics and religion"  ""  ""  ""  ""  ""  ""  "New York"  ""  "1908"  ""  ""  ""  ""  
ref190	"Book:monograph"	"Edwin A. Abbott"  "Silanus, the Christian"  ""  ""  ""  ""  ""  ""  ""  "London"  ""  "1906"  ""  ""  ""  ""  
ref193	"Other:Book chapter"	"Matthew Arnold"  "Culture and anarchy"  "an essay in political and social criticism"  ""  ""  ""  ""  ""  ""  "London"  ""  "1869"  ""  ""  ""  ""  
ref194	"Book:monograph"	"Gilbert Burnet"  "A discourse of the pastoral care"  ""  ""  ""  ""  ""  ""  ""  "London"  ""  "1692"  ""  ""  ""  ""  
ref195	"Book:monograph"	"Herbert Mortimer Luckock"  "The bishops in the tower"  "a record of stirring events affecting the church and nonconformists from the restoration to the revolution"  ""  ""  ""  ""  ""  ""  "London"  ""  "1887"  ""  ""  ""  ""  
ref196	"Other"	""  ""  ""  ""  ""  ""  ""  ""  ""  ""  ""  ""  ""  ""  ""  ""  
ref197	"Book:edited collection "	"David Wilkens, ed."  "Concilia magnae britanniae et hiberniae a synodo verolamiensi A.D. 446 ad Londinensem A.D. 1717"  "accedunt constitutiones et alia ad historiam ecclesiae anglicanae spectantia"  ""  ""  ""  ""  ""  "4 vols"  "London"  ""  "1737"  ""  ""  ""  ""  
ref198	"Other"	""  ""  ""  ""  ""  ""  ""  ""  ""  ""  ""  ""  ""  ""  ""  ""  
ref200	"Other:Letter:letter"	"H. H. Henson, et. al."  "The bishop of Birmingham and Canon Henson"  ""  ""  ""  ""  "Times"  ""  ""  ""  ""  ""  ""  "2 Apr. 1909"  "10"  ""  
ref199	"Other"	""  ""  ""  ""  ""  ""  ""  ""  ""  ""  ""  ""  ""  ""  ""  ""  
ref202	"Other:Letter:letter"	"H. H. Henson"  "Episcopal authority and the law"  ""  ""  ""  ""  "Times"  ""  ""  ""  ""  ""  ""  "17 Aug. 1909"  "6"  ""  
ref201	"Other"	""  ""  ""  ""  ""  ""  ""  ""  ""  ""  ""  ""  ""  ""  ""  ""  
ref203	"Other"	""  ""  ""  ""  ""  ""  ""  ""  ""  ""  ""  ""  ""  ""  ""  ""  
ref205	"Book:monograph"	"H. H. Henson"  "The national church"  "essays on its history and constitution and criticisms of its present administration"  ""  ""  ""  ""  ""  ""  "London"  ""  "1908"  ""  ""  ""  ""  
ref204	"Other:Letter:letter"	"H. H. Henson"  "Canon Henson on current politics"  ""  ""  ""  ""  "Times"  ""  ""  ""  ""  ""  ""  "23 Sep. 1909"  "11"  ""  
ref206	"Other:Book chapter"	"H. H. Henson"  "Our unhappy divisions"  "a plea for the recognition of non-episcopal churches"  ""  "<i>Cross-bench views of current church questions</i>"  ""  ""  ""  ""  "London"  ""  "1902"  ""  ""  "341-55"  "ref.9"  
ref207	"Other:Poem"	"Matthew Arnold"  "The scholar gipsy'"  ""  ""  "<i>Poems</i>"  ""  ""  ""  ""  ""  ""  "1853"  ""  ""  ""  ""  
ref208	"Other:Letter:letter"	"C. H. T."  "Canon Henson on episcopacy"  ""  ""  ""  ""  "Times"  ""  ""  ""  ""  ""  ""  "18 June 1908"  "16"  ""  
ref210	"Book:monograph"	"Bernard of Clairvaux"  "Life and works of Saint Bernard, abbot of Clairvaux"  ""  ""  ""  "eds. John Mabillon and Samuel J. Eales, trans. Samuel J. Eales"  ""  ""  "4 vols"  "London"  ""  "1889-96"  ""  ""  ""  ""  
ref209	"Other:Letter:letter"	"H. H. Henson"  "Canon Henson on episcopacy"  ""  ""  ""  ""  "Times"  ""  ""  ""  ""  ""  ""  "19 June 1908"  "18"  ""  
ref211	"Book:monograph"	"George W. Cox"  "The life of John William Colenso, D.D., bishop of Natal"  ""  ""  ""  ""  ""  ""  "2 vols"  "London"  ""  "1888"  ""  ""  ""  ""  
ref212	"Book:monograph"	"James Drummond"  "Philo Judaeus, or, the Jewish-Alexandrian philosophy in its development and completion "  ""  ""  ""  ""  ""  ""  ""  "London"  ""  "1888"  ""  ""  ""  ""  
ref213	"Other"	""  ""  ""  "Marcus Tullius Cicero, <i>Laelius de amicitia</i> (Essay on friendship), written in 44 BCE"  ""  ""  ""  ""  ""  ""  ""  ""  ""  ""  ""  ""  
ref214	"Book:monograph"	"Antonio de Guaras"  "The accession of Queen Mary"  "being the contemporary narrative of Antonio de Guaras, a Spanish merchant resident in London. Edited with an introduction, translation, notes, and an appendix of documents, including a contemporary ballad in facsimile"  ""  ""  "ed. Richard Garnett"  ""  ""  ""  "London"  ""  "1892"  ""  ""  ""  ""  
ref215	"Book:monograph"	"Jeanne Marie Bouvier de la Motte-Guyon"  "Autobiography of Madame Guyon"  ""  ""  ""  "trans. Thomas Taylor Allen"  ""  ""  "2 vols"  "London"  ""  "1898"  ""  ""  ""  ""  
ref216	"Book:monograph"	"W. Grinton Berry"  "Bishop Hannington"  "the life and adventures of a missionary hero"  ""  ""  ""  ""  ""  ""  "London"  ""  "c. 1910"  ""  ""  ""  ""  
ref217	"Book:monograph"	"Increase Mather"  "An essay for the recording of illustrious providences wherein an account is given of many remarkable and very memorable events which have hapned this last age, especially in New-England"  ""  ""  ""  ""  ""  ""  ""  "Boston"  ""  "1684"  ""  ""  ""  ""  
ref218	"Book:monograph"	"Louis Basile Carr&eacute; de Montgeron"  "La v&eacute;rit&eacute; des miracles op&eacute;r&eacute;s Ë† l'intercession de M. de Pâ€°ris"  ""  ""  ""  ""  ""  ""  ""  ""  ""  "1737"  ""  ""  ""  ""  
ref219	"Book:monograph"	"Charles F. S. Warren"  "The authorship, text, and history of the hymn Dies irae"  "with critical, historical and biographical notes"  ""  ""  ""  ""  ""  ""  "London"  ""  "1902"  ""  ""  ""  ""  
ref220	"Book:monograph"	"J. Oswald Dykes"  "The christian minister and his duties"  ""  ""  ""  ""  ""  ""  ""  "Edinburgh"  ""  "1908"  ""  ""  ""  ""  
ref221	"Book:monograph"	"F. J. A. Hort"  "The apocalypse of St. John I-III"  "the Greek text with introduction, commentary, and additional notes"  ""  ""  ""  ""  ""  ""  "London"  ""  "1908"  ""  ""  ""  ""  
ref222	"Book:monograph"	"J. A. Farrer"  "Literary forgeries"  ""  ""  ""  ""  ""  ""  ""  "London"  ""  "1907"  ""  ""  ""  ""  
ref224	"Book:monograph"	"Reinhold Seeberg"  "The fundamental truths of the christian religion"  "sixteen lectures delivered in the University of Berlin during the winter term 1901-2"  ""  ""  "ed. W. D. Morrison, trans. George E. Thomson and Clara Wallentin"  ""  ""  ""  "London"  ""  "1908"  ""  ""  ""  ""  
ref223	"Book:monograph"	"Henry Scott Holland"  "The optimism of Butler's 'Analogy'"  "The Romanes Lecture"  ""  ""  ""  ""  ""  ""  "Oxford"  ""  "1908"  ""  ""  ""  ""  
ref225	"Book:monograph"	"A. M. Fairbairn"  "Catholicism"  "Roman and Anglican"  ""  ""  ""  ""  ""  ""  "New York"  ""  "1899"  ""  ""  ""  ""  
ref226	"Book:monograph"	"Alfred Henderson"  "Latin proverbs and quotations"  "with translations and parallel passages and a copious English index"  ""  ""  ""  ""  ""  ""  "London"  ""  "1869"  ""  ""  ""  ""  
ref229	"Book:monograph"	"Henry C. Fish"  "Pulpit eloquence of the nineteenth century"  "being supplementary to the history and repository of pulpit eloquence, deceased divines, and containing discourses of eminent living ministers in Europe and America, with sketches biographical and descriptive"  ""  ""  ""  ""  ""  ""  "New York"  ""  "1875"  ""  ""  ""  ""  
ref228	"Book:monograph"	"William Boyd-Carpenter"  "Lectures on preaching delivered in the divinity school, Cambridge, in April and May, 1894"  ""  ""  ""  ""  ""  ""  ""  "London"  ""  "1894"  ""  ""  ""  ""  
ref227	"Other"	""  ""  ""  ""  ""  ""  ""  ""  ""  ""  ""  ""  ""  ""  ""  ""  
ref231	"Book:monograph"	"Ernest Grey Sandford, ed."  "Memoirs of Archbishop Temple"  ""  ""  ""  "ed. E. G. Sandford"  ""  ""  "2 vols"  "London"  ""  "1906"  ""  ""  ""  ""  
ref230	"Book:monograph"	"Randall Thomas Davidson and William Benham"  "Life of Archibald Campbell Tait, archbishop of Canterbury"  ""  ""  ""  ""  ""  ""  "2 vols"  "London"  ""  "1891"  ""  ""  ""  ""  
ref234	"Book:monograph"	"Plato"  "The four Socratic dialogues of Plato"  ""  ""  ""  "ed. and trans. Benjamin Jowett"  ""  ""  ""  "Oxford"  ""  "1903"  ""  ""  ""  ""  
ref232	"Book:monograph"	"William Black"  "Kilmeny"  ""  ""  ""  ""  ""  ""  "3 vols"  "London"  ""  "1870"  ""  ""  ""  ""  
ref233	"Book:monograph"	"John Oliver Hobbes"  "The school for saints"  ""  ""  ""  ""  ""  ""  ""  "London"  ""  "1897"  ""  ""  ""  ""  
ref235	"Book:monograph"	"Edwin A. Abbott"  "Philochristus"  "memoirs of a disciple of the Lord"  ""  ""  ""  ""  ""  ""  "London"  ""  "1878"  ""  ""  ""  ""  
ref236	"Book:monograph"	"Ian Maclaren"  "Graham of Claverhouse"  ""  ""  ""  ""  ""  ""  ""  "London"  ""  "1907"  ""  ""  ""  ""  
ref237	"Book:monograph"	"Justin McCarthy"  "Dear Lady Disdain"  ""  ""  ""  ""  ""  ""  "2 vols"  "Leipzig"  ""  "1876"  ""  ""  ""  ""  
ref238	"Book:monograph"	"C. N. Williamson and A. M. Williamson"  "My friend the chauffeur"  ""  ""  ""  ""  ""  ""  ""  "London"  ""  "1905"  ""  ""  ""  ""  
ref239	"Book:monograph"	"C. N. Williamson and A. M. Williamson"  "The lightning conductor"  "the strange adventures of a motor-car"  ""  ""  ""  ""  ""  ""  "London"  ""  "1903"  ""  ""  ""  ""  
ref240	"Book:monograph"	"F. Hugh O'Donnell"  "Paraguay on Shannon"  "the price of a political priesthood. Remarks on policy and proceedings of a ribbonman board and a royal arranged commission."  ""  ""  ""  ""  ""  ""  "London"  ""  "1908"  ""  ""  ""  ""  
ref241	"Periodical:news:article"	""  "Pan-Anglican Congress: Canon Henson's tilt for revolution, appeal from creeds, women's work, bright discussions"  ""  ""  ""  ""  "Daily Mail"  ""  ""  ""  ""  ""  ""  "18 June 1908"  "7-8"  ""  
ref243	"Other:Letter"	"W. Sanday"  "Home reunion"  ""  ""  ""  ""  "Times"  ""  ""  ""  ""  ""  ""  "15 Sep. 1908"  "6"  ""  
ref242	"Other:Letter"	"H. H. Henson"  "Home reunion"  ""  ""  ""  ""  "Times"  ""  ""  ""  ""  ""  ""  "19 Sep. 1908"  "10"  ""  
ref245	"Other:Letter"	"H. H. Henson"  "The bishop of Durham and the vestments"  ""  ""  ""  ""  "Times"  ""  ""  ""  ""  ""  ""  "13 Mar. 1909"  "7"  ""  
ref244	"Periodical:news:article"	""  "Episcopacy and reunion"  ""  ""  ""  ""  "Times"  ""  ""  ""  ""  ""  ""  "24 Sep. 1908"  "7"  ""  
ref246	"Other"	""  ""  ""  ""  ""  ""  ""  ""  ""  ""  ""  ""  ""  ""  ""  ""  
ref247	"Other"	""  ""  ""  ""  ""  ""  ""  ""  ""  ""  ""  ""  ""  ""  ""  ""  
ref248	"Other"	""  ""  ""  ""  ""  ""  ""  ""  ""  ""  ""  ""  ""  ""  ""  ""  
ref249	"Other"	""  ""  ""  ""  ""  ""  ""  ""  ""  ""  ""  ""  ""  ""  ""  ""  
ref250	"Other"	""  ""  ""  ""  ""  ""  ""  ""  ""  ""  ""  ""  ""  ""  ""  ""  
ref251	"Other"	""  ""  ""  ""  ""  ""  ""  ""  ""  ""  ""  ""  ""  ""  ""  ""  
ref252	"Periodical:journal:article"	"Alexei Nikolayevich Kuropatkin [trans. George Kennan]"  "The military and political memoirs of General Kuropatkin"  ""  ""  ""  ""  "McClure's Magazine"  "5"  ""  ""  ""  "1908"  ""  ""  "483-99"  ""  
ref253	"Book:monograph"	"Thomas Carlyle"  "Sartor resartus"  "the life and opinions of Herr Teufelsdr&ouml;ckh"  ""  ""  ""  ""  ""  ""  "London"  ""  "1831"  ""  ""  ""  ""  
ref254	"Other:Letter"	"H. H. Henson, et al."  "Home reunion and the apostolic succession"  ""  ""  ""  ""  "Times"  ""  ""  ""  ""  ""  ""  "11 Sep. 1908"  "5"  ""  
ref255	"Other"	""  ""  ""  ""  ""  ""  ""  ""  ""  ""  ""  ""  ""  ""  ""  ""  
ref256	"Other"	""  ""  ""  ""  ""  ""  ""  ""  ""  ""  ""  ""  ""  ""  ""  ""  
ref257	"Book:monograph"	"Oliver Lodge"  "Man and the universe"  "a study of the influence of the advance in scientific knowledge upon our understanding of christianity"  ""  ""  ""  ""  ""  ""  "London"  ""  "1908"  ""  ""  ""  ""  
ref258	"Other"	""  ""  ""  ""  ""  ""  ""  ""  ""  ""  ""  ""  ""  ""  ""  ""  
ref259	"Book:monograph"	"Richard Baxter"  "A breviate of the life of Margaret, the daughter of Francis Charlton and wife of Richard Baxter"  "there is also published the character of her mother, truly described in her published funeral sermon, reprinted at her daughters request, called, The last work of a believer, his passing-prayer recommending his departing spirit to Christ, to be received by him"  ""  ""  ""  ""  ""  ""  "London"  ""  "1681"  ""  ""  ""  ""  
ref260	"Book:monograph"	"Thomas Cartwright"  "The diary of Dr. Thomas Cartwright, bishop of Chester"  "commencing at the time of his elevation to that see, August M.DC.LXXXVI, and terminating with the visitation of St. Mary Magdalene college, Oxford, October M.DC.LXXXVII"  ""  ""  "ed. Joseph Hunter"  ""  ""  ""  "London"  ""  "1843"  ""  ""  ""  ""  
ref261	"Book:monograph"	"Alfred Firmin Loisy"  "Quelques lettres sur des questions actuelles et sur des &eacute;v&eacute;nements r&eacute;cents"  ""  ""  ""  ""  ""  ""  ""  "Ceffonds"  ""  "1908"  ""  ""  ""  ""  
ref262	"Other:Letter"	"H. H. Henson"  ""Order" and "office""  ""  ""  ""  ""  "Times"  ""  ""  ""  ""  ""  ""  "19 Dec. 1908"  "12"  ""  
ref263	"Other:Poem"	"John Milton"  "'On the morning of Christ's nativity' [1629]"  ""  ""  "<i>Poems</i>"  ""  ""  ""  ""  "London"  ""  "1645"  ""  ""  ""  ""  
ref265	"Periodical:news:article"	""  ""  ""  ""  ""  ""  "The Scotsman"  ""  ""  ""  ""  ""  ""  "25 Aug. 1908"  "4"  ""  
ref264	"Other"	""  ""  ""  ""  ""  ""  ""  ""  ""  ""  ""  ""  ""  ""  ""  ""  
ref266	"Periodical:news:article"	""  "Resignation of the archbishop of York"  ""  ""  ""  ""  "Times"  ""  ""  ""  ""  ""  ""  "2 Nov. 1908"  "13"  ""  
ref268	"Book:monograph"	"G. G. Greenwood"  "The Shakespeare problem restated"  ""  ""  ""  ""  ""  ""  ""  "London"  ""  "1908"  ""  ""  ""  ""  
ref267	"Other"	""  ""  ""  ""  ""  ""  ""  ""  ""  ""  ""  ""  ""  ""  ""  ""  
ref269	"Book:monograph"	"Richard Baxter"  "A holy commonwealth, or political aphorisms, opening the true principles of government"  "for the healing of the mistakes, and resolving the doubts, that most endanger and trouble England at this time (if yet there may be hope), and directing the desires of sober christians that long to see the kingdoms of this world, become the kingdoms of the Lord, and of his Christ"  ""  ""  ""  ""  ""  ""  "London"  ""  "1659"  ""  ""  ""  ""  
ref270	"Other:Book chapter"	"Alfred Firmin Loisy"  "La carri&egrave;re de J&eacute;sus d'apr&egrave;s les &eacute;vangiles synoptiques"  ""  ""  "<i>Les &eacute;vangiles synoptiques</i>"  ""  ""  ""  ""  "Ceffonds"  ""  "1907"  ""  ""  "203-24"  ""  
ref271	"Periodical:news:article"	""  "The new anglicanism"  ""  ""  ""  ""  "Daily News"  ""  ""  ""  ""  ""  ""  "19 Nov. 1900"  "6"  ""  
ref272	"Periodical:news:article"	""  "The decline of the pulpit"  ""  ""  ""  ""  "Daily News"  ""  ""  ""  ""  ""  ""  "26 Nov. 1900"  "6-7"  ""  
ref273	"Book:monograph"	"W. P. Ker"  "Sturla the historian"  ""  ""  ""  ""  ""  ""  ""  "Oxford"  ""  "1906"  ""  ""  ""  ""  
ref274	"Other:Letter:letter"	"H. H. Henson"  "The home reunion society's meeting"  ""  ""  ""  ""  "Times"  ""  ""  ""  ""  ""  ""  "14 July 1902"  "12"  ""  
ref277	"Other:Poem"	"Robert Browning"  "Saul"  ""  ""  "<i>Men and women</i>"  ""  ""  ""  "2 vols"  "London"  ""  "1855"  ""  ""  ""  ""  
ref275	"Periodical:news:article"	""  "Ecclesiastical intelligence"  ""  ""  ""  ""  "Times"  ""  ""  ""  ""  ""  ""  "29 Dec. 1902"  "9"  ""  
ref276	"Other"	""  ""  ""  ""  ""  ""  ""  ""  ""  ""  ""  ""  ""  ""  ""  ""  
ref279	"Book:monograph"	"Lucy Hutchinson"  "Memoirs of the life of Colonel Hutchinson"  "governor of Nottingham Castle and Town, representative of the county of Nottingham in the Long Parliament, and of the Town of Nottingham in the first Parliament of Charles II, etc., with original anecdotes of many of the most distinguished of his contemporaries, and a summary review of public affairs"  ""  ""  "ed. C. H. Firth"  ""  ""  ""  "London"  ""  "1906"  ""  ""  ""  ""  
ref278	"Other"	""  ""  ""  ""  ""  ""  ""  ""  ""  ""  ""  ""  ""  ""  ""  ""  
ref282	"Periodical:news:article"	""  "Ecclesiastical intelligence"  ""  ""  ""  ""  "Times"  ""  ""  ""  ""  ""  ""  "20 May 1907"  "8"  ""  
ref280	"Book:monograph"	"R. J. Campbell"  "The new theology"  ""  ""  ""  ""  ""  ""  ""  "London"  ""  "1907"  ""  ""  ""  ""  
ref281	"Other"	""  ""  ""  ""  ""  ""  ""  ""  ""  ""  ""  ""  ""  ""  ""  ""  
ref283	"Book:monograph"	"Alexander Taylor Innes"  "The law of creeds in Scotland"  "a treatise on the legal relation of churches in Scotland established and not established, to their doctrinal confessions"  ""  ""  ""  ""  ""  ""  "Edinburgh"  ""  "1867"  ""  ""  ""  ""  
ref284	"Periodical:news:article"	""  "Clerical subscription"  ""  ""  ""  ""  "The Spectator"  ""  ""  ""  ""  ""  ""  "23 Apr. 1911"  "675"  ""  
ref285	"Periodical:journal:article"	"H. H. Henson"  "Human life, perishing and immortal"  ""  ""  ""  ""  "Christian World Pulpit"  "79"  ""  ""  ""  ""  ""  "11 Jan. 1911"  "24-6"  ""  
ref286	"Periodical:journal:article"	"H. H. Henson"  "Faith and theology"  ""  ""  ""  ""  "Christian World Pulpit"  "79"  ""  ""  ""  ""  ""  "28 June 1911"  "406-7"  ""  
ref287	"Other"	""  ""  ""  ""  ""  ""  ""  ""  ""  ""  ""  ""  ""  ""  ""  ""  
ref288	"Other"	""  ""  ""  ""  ""  ""  ""  ""  ""  ""  ""  ""  ""  ""  ""  ""  
ref289	"Other"	""  ""  ""  ""  ""  ""  ""  ""  ""  ""  ""  ""  ""  ""  ""  ""  
ref290	"Other"	""  ""  ""  ""  ""  ""  ""  ""  ""  ""  ""  ""  ""  ""  ""  ""  
ref291	"Other"	""  ""  ""  ""  ""  ""  ""  ""  ""  ""  ""  ""  ""  ""  ""  ""  
ref292	"Book:monograph"	"Benjamin Kidd"  "Principles of western civilization"  ""  ""  ""  ""  ""  ""  ""  "New York"  ""  "1902"  ""  ""  ""  ""  
ref293	"Other"	""  ""  ""  ""  ""  ""  ""  ""  ""  ""  ""  ""  ""  ""  ""  ""  
ref294	"Other:Letter"	"Charles Gore"  "The education bill"  ""  ""  ""  ""  "Times"  ""  ""  ""  ""  ""  ""  "5 Nov. 1902"  "11"  ""  
ref295	"Other:Letter"	"H. H. Henson, et al."  "The education bill"  ""  ""  ""  ""  "Times"  ""  ""  ""  ""  ""  ""  "7 Nov. 1902"  "8"  ""  
ref297	"Book:monograph"	"Joseph Blanco White"  "The life of the Rev. Joseph Blanco White"  "written by himself, with portions of his correspondence"  ""  ""  "ed. John Hamilton Thom"  ""  ""  "3 vols"  "London"  ""  "1845"  ""  ""  ""  ""  
ref296	"Other:Letter"	"H. H. Henson, et al."  "The education bill"  ""  ""  ""  ""  "Times"  ""  ""  ""  ""  ""  ""  "10 Nov. 1902"  "10"  ""  
ref299	"Other:Letter"	"H. H. Henson, et al."  "Canon Henson on toleration"  ""  ""  ""  ""  "Times"  ""  ""  ""  ""  ""  ""  "26 Feb. 1903"  "9"  ""  
ref298	"Other:Letter"	"W. Sanday"  "Canon Henson on toleration"  ""  ""  ""  ""  "Times"  ""  ""  ""  ""  ""  ""  "25 Feb. 1903"  "8"  ""  
ref300	"Other"	""  ""  ""  ""  ""  ""  ""  ""  ""  ""  ""  ""  ""  ""  ""  ""  
ref301	"Other"	""  ""  ""  ""  ""  ""  ""  ""  ""  ""  ""  ""  ""  ""  ""  ""  
ref302	"Other"	""  ""  ""  ""  ""  ""  ""  ""  ""  ""  ""  ""  ""  ""  ""  ""  
ref304	"Other:Letter"	"H. Russell Wakefield"  "The high churchmen's declaration"  ""  ""  ""  ""  "Times"  ""  ""  ""  ""  ""  ""  "9 June 1903"  "11"  ""  
ref303	"Other:Letter"	"H. H. Henson, et al."  "The high churchmen's declaration"  ""  ""  ""  ""  "Times"  ""  ""  ""  ""  ""  ""  "8 June 1903"  "8"  ""  
ref305	"Other:Letter"	"J. G. Simpson"  "The high churchmen's declaration"  ""  ""  ""  ""  "Times"  ""  ""  ""  ""  ""  ""  "9 June 1903"  "11"  ""  
ref306	"Other"	""  ""  ""  ""  ""  ""  ""  ""  ""  ""  ""  ""  ""  ""  ""  ""  
ref307	"Book:monograph"	"Hastings Rashdall"  "The theory of good and evil"  "a treatise on moral philosophy"  ""  ""  ""  ""  ""  "2 vols"  "Oxford"  ""  "1907"  ""  ""  ""  ""  
ref309	"Book:monograph"	"Jeremy Taylor"  "The worthy communicant, or, a discourse of the nature, effects, and blessings consequent to the worthy receiving of the Lords Supper and of all the duties required in order to a worthy preparation"  "together with the cases of conscience occurring in the duty of him that ministers, and of him that communicates, to which are added, devotions fitted to every part of the ministration"  ""  ""  ""  ""  ""  ""  "London"  ""  "1667"  ""  ""  ""  ""  
ref308	"Book:monograph"	"Willoughby C. Allen"  "A critical and exegetical commentary on the gospel according to S. Matthew"  ""  ""  ""  ""  ""  ""  ""  "New York"  ""  "1907"  ""  ""  ""  ""  
ref310	"Book:monograph"	"Jeremy Taylor"  "The whole works of the Right Rev. Jeremy Taylor, D.D., Lord Bishop of Down, Connor, and Dromore"  ""  ""  ""  "ed. Reginald Heber"  ""  ""  ""  "London"  ""  "1828"  ""  ""  ""  ""  
ref311	"Book:monograph"	"J. B. Lightfoot"  "Saint Paul's epistle to the Philippians"  "a revised text"  ""  ""  ""  ""  ""  ""  "London"  ""  "1888"  ""  ""  ""  ""  
ref312	"Other:Book chapter"	""  "Sermon IX: upon forgiveness of injuries"  ""  ""  "<i>Sermons by Joseph Butler, D. C. L., sometime lord bishop of Durham</i>"  "ed. W. E. Gladstone"  ""  ""  "2 vols"  "Oxford"  ""  "1896"  ""  ""  "150-67"  ""  
ref313	"Book:monograph"	"[J. R. Seeley]"  "Ecce homo"  "a survey of the life and work of Jesus Christ"  ""  ""  ""  ""  ""  ""  "London"  ""  "1866"  ""  ""  ""  ""  
ref314	"Book:monograph"	"Richard Chenevix Trench"  "Notes on the parables of our Lord"  ""  ""  ""  ""  ""  ""  ""  "London"  ""  "1906"  ""  ""  ""  ""  
ref315	"Book:monograph"	"H. H. Henson"  "Reunion and intercommunion"  "two lectures on the report of the Lambeth Conference"  ""  ""  ""  ""  ""  ""  "London"  ""  "1909"  ""  ""  ""  ""  
ref316	"Book:monograph"	"Patrick Carnegie Simpson"  "The life of Principal Rainy"  ""  ""  ""  ""  ""  ""  ""  "London"  ""  "1909"  ""  ""  ""  ""  
ref318	"Book:monograph"	"Gore, Charles"  "Orders and unity"  ""  ""  ""  ""  ""  ""  ""  "New York"  ""  "1909"  ""  ""  ""  ""  
ref317	"Other"	""  ""  ""  ""  ""  ""  ""  ""  ""  ""  ""  ""  ""  ""  ""  ""  
ref319	"Book:monograph"	"Charles Augustus Briggs"  "Church unity"  "studies of its most important problems"  ""  ""  ""  ""  ""  ""  "New York"  ""  "1909"  ""  ""  ""  ""  
ref321	"Periodical:journal:article"	"Henson, H. H."  "Jesus or Christ"  ""  ""  ""  ""  "Christian World Pulpit"  "76"  ""  ""  ""  ""  ""  "1 Dec. 1909"  "345-8"  ""  
ref320	"Other:Book chapter"	"R. J. Campbell"  "Jesus or Christ?"  ""  ""  "<i>Jesus or Christ?: the Hibbert Journal supplement 1909</i>"  ""  ""  ""  ""  "London"  ""  "1909"  ""  ""  ""  ""  
ref323	"Periodical:journal:article"	"H. H. Henson"  "The church and the British empire, preached on Sunday June 25 at a United Service in St JudeÃ•s-on-the-Hill, Hampstead Garden City"  ""  ""  ""  ""  "Christian World Pulpit"  "80"  ""  ""  ""  ""  ""  "5 July 1911"  "1-3"  ""  
ref322	"Book:monograph"	"P. T. Forsyth"  "The person and place of Jesus Christ"  "the Congregational Union Lecture for 1909"  ""  ""  ""  ""  ""  ""  "London"  ""  "1909"  ""  ""  ""  ""  
ref324	"Periodical:journal:article"	"H. H. Henson"  "The strength of religion"  ""  ""  ""  ""  "Christian World Pulpit"  "80"  ""  ""  ""  ""  ""  "16 Aug. 1911"  "104-6"  ""  
ref325	"Periodical:journal:article"	"H. H. Henson"  "Christianity and patriotism"  ""  ""  ""  ""  "Christian World Pulpit"  "80"  ""  ""  ""  ""  ""  "1 Nov. 1911"  "280-2"  ""  
ref326	"Periodical:journal:article"	"H. H. Henson"  "Patriotic duty"  ""  ""  ""  ""  "Christian Family Newspaper"  ""  ""  ""  ""  ""  ""  "27 Oct. 1911"  "808"  ""  
ref327	"Periodical:news:article"	"H. H. Henson"  "The Evidences of the Resurrection"  ""  ""  "<i>The value of the Bible an other sermons, 1902-1904</i>"  ""  ""  ""  ""  "London"  ""  "1904"  ""  ""  "201-13"  "event.19"  
ref328	"Other:Book chapter"	"H. H. Henson"  "Sincerity and subscription"  ""  ""  "<i>Sincerity and subscription: a plea for toleration in the Church of England</i>"  ""  ""  ""  ""  "London"  ""  "1903"  ""  ""  "19-46"  "event.161"  
ref329	"Other"	""  ""  ""  ""  ""  ""  ""  ""  ""  ""  ""  ""  ""  ""  ""  ""  
ref330	"Other"	""  ""  ""  ""  ""  ""  ""  ""  ""  ""  ""  ""  ""  ""  ""  ""  
ref332	"Other"	""  ""  ""  ""  ""  ""  ""  ""  ""  ""  ""  ""  ""  ""  ""  ""  
ref331	"Other"	""  ""  ""  ""  ""  ""  ""  ""  ""  ""  ""  ""  ""  ""  ""  ""  
ref335	"Other"	""  ""  ""  ""  ""  ""  ""  ""  ""  ""  ""  ""  ""  ""  ""  ""  
ref333	"Other"	""  ""  ""  ""  ""  ""  ""  ""  ""  ""  ""  ""  ""  ""  ""  ""  
ref334	"Other"	""  ""  ""  ""  ""  ""  ""  ""  ""  ""  ""  ""  ""  ""  ""  ""  
ref336	"Other"	""  ""  ""  ""  ""  ""  ""  ""  ""  ""  ""  ""  ""  ""  ""  ""  
ref337	"Other"	""  ""  ""  ""  ""  ""  ""  ""  ""  ""  ""  ""  ""  ""  ""  ""  
ref338	"Other"	""  ""  ""  ""  ""  ""  ""  ""  ""  ""  ""  ""  ""  ""  ""  ""  
ref340	"Other"	""  ""  ""  ""  ""  ""  ""  ""  ""  ""  ""  ""  ""  ""  ""  ""  
ref339	"Other"	""  ""  ""  ""  ""  ""  ""  ""  ""  ""  ""  ""  ""  ""  ""  ""  
ref341	"Other"	""  ""  ""  ""  ""  ""  ""  ""  ""  ""  ""  ""  ""  ""  ""  ""  
ref342	"Other"	""  ""  ""  ""  ""  ""  ""  ""  ""  ""  ""  ""  ""  ""  ""  ""  
ref343	"Other"	""  ""  ""  ""  ""  ""  ""  ""  ""  ""  ""  ""  ""  ""  ""  ""  
ref344	"Other"	""  ""  ""  ""  ""  ""  ""  ""  ""  ""  ""  ""  ""  ""  ""  ""  
ref345	"Other"	""  ""  ""  ""  ""  ""  ""  ""  ""  ""  ""  ""  ""  ""  ""  ""  
ref347	"Other"	""  ""  ""  ""  ""  ""  ""  ""  ""  ""  ""  ""  ""  ""  ""  ""  
ref346	"Other"	""  ""  ""  ""  ""  ""  ""  ""  ""  ""  ""  ""  ""  ""  ""  ""  
ref348	"Other"	""  ""  ""  ""  ""  ""  ""  ""  ""  ""  ""  ""  ""  ""  ""  ""  
ref349	"Other"	""  ""  ""  ""  ""  ""  ""  ""  ""  ""  ""  ""  ""  ""  ""  ""  
ref350	"Other"	""  ""  ""  ""  ""  ""  ""  ""  ""  ""  ""  ""  ""  ""  ""  ""  
ref351	"Other"	""  ""  ""  ""  ""  ""  ""  ""  ""  ""  ""  ""  ""  ""  ""  ""  
ref353	"Other"	""  ""  ""  ""  ""  ""  ""  ""  ""  ""  ""  ""  ""  ""  ""  ""  
ref352	"Other"	""  ""  ""  ""  ""  ""  ""  ""  ""  ""  ""  ""  ""  ""  ""  ""  
ref355	"Other"	""  ""  ""  ""  ""  ""  ""  ""  ""  ""  ""  ""  ""  ""  ""  ""  
ref354	"Other"	""  ""  ""  ""  ""  ""  ""  ""  ""  ""  ""  ""  ""  ""  ""  ""  
ref356	"Other"	""  ""  ""  ""  ""  ""  ""  ""  ""  ""  ""  ""  ""  ""  ""  ""  
ref358	"Other"	""  ""  ""  ""  ""  ""  ""  ""  ""  ""  ""  ""  ""  ""  ""  ""  
ref357	"Other"	""  ""  ""  ""  ""  ""  ""  ""  ""  ""  ""  ""  ""  ""  ""  ""  
ref361	"Other"	""  ""  ""  ""  ""  ""  ""  ""  ""  ""  ""  ""  ""  ""  ""  ""  
ref360	"Other"	""  ""  ""  ""  ""  ""  ""  ""  ""  ""  ""  ""  ""  ""  ""  ""  
ref359	"Other"	""  ""  ""  ""  ""  ""  ""  ""  ""  ""  ""  ""  ""  ""  ""  ""  
ref362	"Other"	""  ""  ""  ""  ""  ""  ""  ""  ""  ""  ""  ""  ""  ""  ""  ""  
ref363	"Other"	""  ""  ""  ""  ""  ""  ""  ""  ""  ""  ""  ""  ""  ""  ""  ""  
ref365	"Other"	""  ""  ""  ""  ""  ""  ""  ""  ""  ""  ""  ""  ""  ""  ""  ""  
ref364	"Other"	""  ""  ""  ""  ""  ""  ""  ""  ""  ""  ""  ""  ""  ""  ""  ""  
ref366	"Other"	""  ""  ""  ""  ""  ""  ""  ""  ""  ""  ""  ""  ""  ""  ""  ""  
ref368	"Other"	""  ""  ""  ""  ""  ""  ""  ""  ""  ""  ""  ""  ""  ""  ""  ""  
ref367	"Other"	""  ""  ""  ""  ""  ""  ""  ""  ""  ""  ""  ""  ""  ""  ""  ""  
ref369	"Other"	""  ""  ""  ""  ""  ""  ""  ""  ""  ""  ""  ""  ""  ""  ""  ""  
ref370	"Other"	""  ""  ""  ""  ""  ""  ""  ""  ""  ""  ""  ""  ""  ""  ""  ""  
ref371	"Other"	""  ""  ""  ""  ""  ""  ""  ""  ""  ""  ""  ""  ""  ""  ""  ""  
ref373	"Other"	""  ""  ""  ""  ""  ""  ""  ""  ""  ""  ""  ""  ""  ""  ""  ""  
ref374	"Other"	""  ""  ""  ""  ""  ""  ""  ""  ""  ""  ""  ""  ""  ""  ""  ""  
ref372	"Other"	""  ""  ""  ""  ""  ""  ""  ""  ""  ""  ""  ""  ""  ""  ""  ""  
ref375	"Other"	""  ""  ""  ""  ""  ""  ""  ""  ""  ""  ""  ""  ""  ""  ""  ""  
ref376	"Other"	""  ""  ""  ""  ""  ""  ""  ""  ""  ""  ""  ""  ""  ""  ""  ""  
ref379	"Other"	""  ""  ""  ""  ""  ""  ""  ""  ""  ""  ""  ""  ""  ""  ""  ""  
ref378	"Other"	""  ""  ""  ""  ""  ""  ""  ""  ""  ""  ""  ""  ""  ""  ""  ""  
ref377	"Other"	""  ""  ""  ""  ""  ""  ""  ""  ""  ""  ""  ""  ""  ""  ""  ""  
ref381	"Other"	""  ""  ""  ""  ""  ""  ""  ""  ""  ""  ""  ""  ""  ""  ""  ""  
ref382	"Other"	""  ""  ""  ""  ""  ""  ""  ""  ""  ""  ""  ""  ""  ""  ""  ""  
ref380	"Other"	""  ""  ""  ""  ""  ""  ""  ""  ""  ""  ""  ""  ""  ""  ""  ""  
ref384	"Other"	""  ""  ""  ""  ""  ""  ""  ""  ""  ""  ""  ""  ""  ""  ""  ""  
ref383	"Other"	""  ""  ""  ""  ""  ""  ""  ""  ""  ""  ""  ""  ""  ""  ""  ""  
ref386	"Other"	""  ""  ""  ""  ""  ""  ""  ""  ""  ""  ""  ""  ""  ""  ""  ""  
ref387	"Other"	""  ""  ""  ""  ""  ""  ""  ""  ""  ""  ""  ""  ""  ""  ""  ""  
ref385	"Other"	""  ""  ""  ""  ""  ""  ""  ""  ""  ""  ""  ""  ""  ""  ""  ""  
ref389	"Other"	""  ""  ""  ""  ""  ""  ""  ""  ""  ""  ""  ""  ""  ""  ""  ""  
ref388	"Other"	""  ""  ""  ""  ""  ""  ""  ""  ""  ""  ""  ""  ""  ""  ""  ""  
ref391	"Other"	""  ""  ""  ""  ""  ""  ""  ""  ""  ""  ""  ""  ""  ""  ""  ""  
ref390	"Other"	""  ""  ""  ""  ""  ""  ""  ""  ""  ""  ""  ""  ""  ""  ""  ""  
ref392	"Other"	""  ""  ""  ""  ""  ""  ""  ""  ""  ""  ""  ""  ""  ""  ""  ""  
ref393	"Other"	""  ""  ""  ""  ""  ""  ""  ""  ""  ""  ""  ""  ""  ""  ""  ""  
ref394	"Other"	""  ""  ""  ""  ""  ""  ""  ""  ""  ""  ""  ""  ""  ""  ""  ""  
ref396	"Other"	""  ""  ""  ""  ""  ""  ""  ""  ""  ""  ""  ""  ""  ""  ""  ""  
ref395	"Other"	""  ""  ""  ""  ""  ""  ""  ""  ""  ""  ""  ""  ""  ""  ""  ""  
ref398	"Other"	""  ""  ""  ""  ""  ""  ""  ""  ""  ""  ""  ""  ""  ""  ""  ""  
ref399	"Other"	""  ""  ""  ""  ""  ""  ""  ""  ""  ""  ""  ""  ""  ""  ""  ""  
ref397	"Other"	""  ""  ""  ""  ""  ""  ""  ""  ""  ""  ""  ""  ""  ""  ""  ""  
ref400	"Other"	""  ""  ""  ""  ""  ""  ""  ""  ""  ""  ""  ""  ""  ""  ""  ""  
ref401	"Other"	""  ""  ""  ""  ""  ""  ""  ""  ""  ""  ""  ""  ""  ""  ""  ""  
ref404	"Other"	""  ""  ""  ""  ""  ""  ""  ""  ""  ""  ""  ""  ""  ""  ""  ""  
ref403	"Other"	""  ""  ""  ""  ""  ""  ""  ""  ""  ""  ""  ""  ""  ""  ""  ""  
ref402	"Other"	""  ""  ""  ""  ""  ""  ""  ""  ""  ""  ""  ""  ""  ""  ""  ""  
ref406	"Other"	""  ""  ""  ""  ""  ""  ""  ""  ""  ""  ""  ""  ""  ""  ""  ""  
ref405	"Other"	""  ""  ""  ""  ""  ""  ""  ""  ""  ""  ""  ""  ""  ""  ""  ""  
ref409	"Other"	""  ""  ""  ""  ""  ""  ""  ""  ""  ""  ""  ""  ""  ""  ""  ""  
ref408	"Other"	""  ""  ""  ""  ""  ""  ""  ""  ""  ""  ""  ""  ""  ""  ""  ""  
ref407	"Other"	""  ""  ""  ""  ""  ""  ""  ""  ""  ""  ""  ""  ""  ""  ""  ""  
ref411	"Other"	""  ""  ""  ""  ""  ""  ""  ""  ""  ""  ""  ""  ""  ""  ""  ""  
ref412	"Other"	""  ""  ""  ""  ""  ""  ""  ""  ""  ""  ""  ""  ""  ""  ""  ""  
ref410	"Other"	""  ""  ""  ""  ""  ""  ""  ""  ""  ""  ""  ""  ""  ""  ""  ""  
ref413	"Other"	""  ""  ""  ""  ""  ""  ""  ""  ""  ""  ""  ""  ""  ""  ""  ""  
ref414	"Other"	""  ""  ""  ""  ""  ""  ""  ""  ""  ""  ""  ""  ""  ""  ""  ""  
ref416	"Other"	""  ""  ""  ""  ""  ""  ""  ""  ""  ""  ""  ""  ""  ""  ""  ""  
ref415	"Other"	""  ""  ""  ""  ""  ""  ""  ""  ""  ""  ""  ""  ""  ""  ""  ""  
ref417	"Other"	""  ""  ""  ""  ""  ""  ""  ""  ""  ""  ""  ""  ""  ""  ""  ""  
ref419	"Other"	""  ""  ""  ""  ""  ""  ""  ""  ""  ""  ""  ""  ""  ""  ""  ""  
ref418	"Other"	""  ""  ""  ""  ""  ""  ""  ""  ""  ""  ""  ""  ""  ""  ""  ""  
ref421	"Other"	""  ""  ""  ""  ""  ""  ""  ""  ""  ""  ""  ""  ""  ""  ""  ""  
ref420	"Other"	""  ""  ""  ""  ""  ""  ""  ""  ""  ""  ""  ""  ""  ""  ""  ""  
ref422	"Other"	""  ""  ""  ""  ""  ""  ""  ""  ""  ""  ""  ""  ""  ""  ""  ""  
ref424	"Other"	""  ""  ""  ""  ""  ""  ""  ""  ""  ""  ""  ""  ""  ""  ""  ""  
ref425	"Other"	""  ""  ""  ""  ""  ""  ""  ""  ""  ""  ""  ""  ""  ""  ""  ""  
ref423	"Other"	""  ""  ""  ""  ""  ""  ""  ""  ""  ""  ""  ""  ""  ""  ""  ""  
ref426	"Other"	""  ""  ""  ""  ""  ""  ""  ""  ""  ""  ""  ""  ""  ""  ""  ""  
ref427	"Other"	""  ""  ""  ""  ""  ""  ""  ""  ""  ""  ""  ""  ""  ""  ""  ""  
ref428	"Other"	""  ""  ""  ""  ""  ""  ""  ""  ""  ""  ""  ""  ""  ""  ""  ""  
ref430	"Other"	""  ""  ""  ""  ""  ""  ""  ""  ""  ""  ""  ""  ""  ""  ""  ""  
ref429	"Other"	""  ""  ""  ""  ""  ""  ""  ""  ""  ""  ""  ""  ""  ""  ""  ""  
ref432	"Other"	""  ""  ""  ""  ""  ""  ""  ""  ""  ""  ""  ""  ""  ""  ""  ""  
ref431	"Other"	""  ""  ""  ""  ""  ""  ""  ""  ""  ""  ""  ""  ""  ""  ""  ""  
ref435	"Other"	""  ""  ""  ""  ""  ""  ""  ""  ""  ""  ""  ""  ""  ""  ""  ""  
ref434	"Other"	""  ""  ""  ""  ""  ""  ""  ""  ""  ""  ""  ""  ""  ""  ""  ""  
ref433	"Other"	""  ""  ""  ""  ""  ""  ""  ""  ""  ""  ""  ""  ""  ""  ""  ""  
ref437	"Other"	""  ""  ""  ""  ""  ""  ""  ""  ""  ""  ""  ""  ""  ""  ""  ""  
ref436	"Other"	""  ""  ""  ""  ""  ""  ""  ""  ""  ""  ""  ""  ""  ""  ""  ""  
ref438	"Other"	""  ""  ""  ""  ""  ""  ""  ""  ""  ""  ""  ""  ""  ""  ""  ""  
ref439	"Other"	""  ""  ""  ""  ""  ""  ""  ""  ""  ""  ""  ""  ""  ""  ""  ""  
ref440	"Other"	""  ""  ""  ""  ""  ""  ""  ""  ""  ""  ""  ""  ""  ""  ""  ""  
ref441	"Other"	""  ""  ""  ""  ""  ""  ""  ""  ""  ""  ""  ""  ""  ""  ""  ""  
ref442	"Other"	""  ""  ""  ""  ""  ""  ""  ""  ""  ""  ""  ""  ""  ""  ""  ""  
ref445	"Other"	""  ""  ""  ""  ""  ""  ""  ""  ""  ""  ""  ""  ""  ""  ""  ""  
ref443	"Other"	""  ""  ""  ""  ""  ""  ""  ""  ""  ""  ""  ""  ""  ""  ""  ""  
ref444	"Other"	""  ""  ""  ""  ""  ""  ""  ""  ""  ""  ""  ""  ""  ""  ""  ""  
ref448	"Other"	""  ""  ""  ""  ""  ""  ""  ""  ""  ""  ""  ""  ""  ""  ""  ""  
ref447	"Other"	""  ""  ""  ""  ""  ""  ""  ""  ""  ""  ""  ""  ""  ""  ""  ""  
ref446	"Other"	""  ""  ""  ""  ""  ""  ""  ""  ""  ""  ""  ""  ""  ""  ""  ""  
ref449	"Other"	""  ""  ""  ""  ""  ""  ""  ""  ""  ""  ""  ""  ""  ""  ""  ""  
ref450	"Other"	""  ""  ""  ""  ""  ""  ""  ""  ""  ""  ""  ""  ""  ""  ""  ""  
ref452	"Other"	""  ""  ""  ""  ""  ""  ""  ""  ""  ""  ""  ""  ""  ""  ""  ""  
ref453	"Other"	""  ""  ""  ""  ""  ""  ""  ""  ""  ""  ""  ""  ""  ""  ""  ""  
ref451	"Other"	""  ""  ""  ""  ""  ""  ""  ""  ""  ""  ""  ""  ""  ""  ""  ""  
ref455	"Other"	""  ""  ""  ""  ""  ""  ""  ""  ""  ""  ""  ""  ""  ""  ""  ""  
ref454	"Other"	""  ""  ""  ""  ""  ""  ""  ""  ""  ""  ""  ""  ""  ""  ""  ""  
ref456	"Other"	""  ""  ""  ""  ""  ""  ""  ""  ""  ""  ""  ""  ""  ""  ""  ""  
ref457	"Other"	""  ""  ""  ""  ""  ""  ""  ""  ""  ""  ""  ""  ""  ""  ""  ""  
ref458	"Other"	""  ""  ""  ""  ""  ""  ""  ""  ""  ""  ""  ""  ""  ""  ""  ""  
ref460	"Other"	""  ""  ""  ""  ""  ""  ""  ""  ""  ""  ""  ""  ""  ""  ""  ""  
ref459	"Other"	""  ""  ""  ""  ""  ""  ""  ""  ""  ""  ""  ""  ""  ""  ""  ""  
ref462	"Other"	""  ""  ""  ""  ""  ""  ""  ""  ""  ""  ""  ""  ""  ""  ""  ""  
ref463	"Other"	""  ""  ""  ""  ""  ""  ""  ""  ""  ""  ""  ""  ""  ""  ""  ""  
ref461	"Other"	""  ""  ""  ""  ""  ""  ""  ""  ""  ""  ""  ""  ""  ""  ""  ""  
ref464	"Other"	""  ""  ""  ""  ""  ""  ""  ""  ""  ""  ""  ""  ""  ""  ""  ""  
ref465	"Other"	""  ""  ""  ""  ""  ""  ""  ""  ""  ""  ""  ""  ""  ""  ""  ""  
ref467	"Other"	""  ""  ""  ""  ""  ""  ""  ""  ""  ""  ""  ""  ""  ""  ""  ""  
ref466	"Other"	""  ""  ""  ""  ""  ""  ""  ""  ""  ""  ""  ""  ""  ""  ""  ""  
ref468	"Other"	""  ""  ""  ""  ""  ""  ""  ""  ""  ""  ""  ""  ""  ""  ""  ""  
ref469	"Other"	""  ""  ""  ""  ""  ""  ""  ""  ""  ""  ""  ""  ""  ""  ""  ""  
ref470	"Other"	""  ""  ""  ""  ""  ""  ""  ""  ""  ""  ""  ""  ""  ""  ""  ""  
ref471	"Other"	""  ""  ""  ""  ""  ""  ""  ""  ""  ""  ""  ""  ""  ""  ""  ""  
ref472	"Other"	""  ""  ""  ""  ""  ""  ""  ""  ""  ""  ""  ""  ""  ""  ""  ""  
ref473	"Other"	""  ""  ""  ""  ""  ""  ""  ""  ""  ""  ""  ""  ""  ""  ""  ""  
ref476	"Other"	""  ""  ""  ""  ""  ""  ""  ""  ""  ""  ""  ""  ""  ""  ""  ""  
ref474	"Other"	""  ""  ""  ""  ""  ""  ""  ""  ""  ""  ""  ""  ""  ""  ""  ""  
ref475	"Other"	""  ""  ""  ""  ""  ""  ""  ""  ""  ""  ""  ""  ""  ""  ""  ""  
ref477	"Other"	""  ""  ""  ""  ""  ""  ""  ""  ""  ""  ""  ""  ""  ""  ""  ""  
ref478	"Other"	""  ""  ""  ""  ""  ""  ""  ""  ""  ""  ""  ""  ""  ""  ""  ""  
ref480	"Other"	""  ""  ""  ""  ""  ""  ""  ""  ""  ""  ""  ""  ""  ""  ""  ""  
ref481	"Other"	""  ""  ""  ""  ""  ""  ""  ""  ""  ""  ""  ""  ""  ""  ""  ""  
ref479	"Other"	""  ""  ""  ""  ""  ""  ""  ""  ""  ""  ""  ""  ""  ""  ""  ""  
ref482	"Other"	""  ""  ""  ""  ""  ""  ""  ""  ""  ""  ""  ""  ""  ""  ""  ""  
ref483	"Other"	""  ""  ""  ""  ""  ""  ""  ""  ""  ""  ""  ""  ""  ""  ""  ""  
ref485	"Other"	""  ""  ""  ""  ""  ""  ""  ""  ""  ""  ""  ""  ""  ""  ""  ""  
ref486	"Other"	""  ""  ""  ""  ""  ""  ""  ""  ""  ""  ""  ""  ""  ""  ""  ""  
ref484	"Other"	""  ""  ""  ""  ""  ""  ""  ""  ""  ""  ""  ""  ""  ""  ""  ""  
ref488	"Other"	""  ""  ""  ""  ""  ""  ""  ""  ""  ""  ""  ""  ""  ""  ""  ""  
ref487	"Other"	""  ""  ""  ""  ""  ""  ""  ""  ""  ""  ""  ""  ""  ""  ""  ""  
ref491	"Other"	""  ""  ""  ""  ""  ""  ""  ""  ""  ""  ""  ""  ""  ""  ""  ""  
ref489	"Other"	""  ""  ""  ""  ""  ""  ""  ""  ""  ""  ""  ""  ""  ""  ""  ""  
ref490	"Other"	""  ""  ""  ""  ""  ""  ""  ""  ""  ""  ""  ""  ""  ""  ""  ""  
ref493	"Other"	""  ""  ""  ""  ""  ""  ""  ""  ""  ""  ""  ""  ""  ""  ""  ""  
ref494	"Other"	""  ""  ""  ""  ""  ""  ""  ""  ""  ""  ""  ""  ""  ""  ""  ""  
ref492	"Other"	""  ""  ""  ""  ""  ""  ""  ""  ""  ""  ""  ""  ""  ""  ""  ""  
ref495	"Other"	""  ""  ""  ""  ""  ""  ""  ""  ""  ""  ""  ""  ""  ""  ""  ""  
ref496	"Other"	""  ""  ""  ""  ""  ""  ""  ""  ""  ""  ""  ""  ""  ""  ""  ""  
ref499	"Other"	""  ""  ""  ""  ""  ""  ""  ""  ""  ""  ""  ""  ""  ""  ""  ""  
ref497	"Other"	""  ""  ""  ""  ""  ""  ""  ""  ""  ""  ""  ""  ""  ""  ""  ""  
ref498	"Other"	""  ""  ""  ""  ""  ""  ""  ""  ""  ""  ""  ""  ""  ""  ""  ""  
ref500	"Other"	""  ""  ""  ""  ""  ""  ""  ""  ""  ""  ""  ""  ""  ""  ""  ""  
